name,cagr,volatility,sharpe,sortino,max_drawdown,calmar,total_return,years
Buy & Hold 1x,0.10138792307696165,0.1892142662267489,0.4345924739640663,0.6169958906538417,-0.8385405625205264,0.1209099805168695,13019.989530849005,98.10714285714286
MA200 -> Cash,0.110077351868898,0.12628606584872298,0.6348952195866684,0.8989600766097967,-0.4641420397568875,0.23716307173242765,25920.63207008074,97.31746031746032
"Always 1.5x (daily, net)",0.10875233385383387,0.2838277042347659,0.39249572020528967,0.556319281139596,-0.94852591921576,0.11465404545165214,25036.404615734562,98.10714285714286
"Always 2x (daily, net)",0.11649356831711644,0.37844263008201834,0.3964306834240009,0.5619826660449331,-0.9850706586828486,0.11825909876645962,49548.30450387535,98.10714285714286
"Always 3x (daily, net)",0.10055893434479746,0.567673969530162,0.4003656466427123,0.5676477654659177,-0.9991631219958084,0.10064316039200186,12092.787567937832,98.10714285714286
"Always 4x (daily, net)",0.041543244513880584,0.7569060528228949,0.40233312825206785,0.5704809581833408,-0.9999948232067288,0.04154345957578258,53.23379881273799,98.10714285714286
