name,cagr,volatility,sharpe,sortino,max_drawdown,calmar,total_return,years,pct_in_market
S&P 500 (buy & hold),0.09949087383079291,0.15356079846439105,0.48538418598815475,0.7351354631808885,-0.8175983465052695,0.121686735615422,145439.09746522477,125.33333333333333,
10-month timing -> cash,0.10994200054568459,0.10845468942449438,0.7239389061275764,1.1549394972109335,-0.47449034040740423,0.2317054556922841,403561.0652369342,123.75,0.7131313131313132
