name,cagr,volatility,sharpe,sortino,max_drawdown,calmar,total_return,years,pct_in_market
S&P 500 (buy & hold),0.09949087383079291,0.15356079846439105,0.44432566858497125,0.6662327824814417,-0.8175983465052695,0.121686735615422,145439.09746522477,125.33333333333333,
10-month timing -> cash,0.11237258257968019,0.10830096148470432,0.6865323582879965,1.082149136658355,-0.42984651126398654,0.26142490315727496,529018.4635691368,123.75,0.7131313131313132
