name,cagr,volatility,sharpe,sortino,max_drawdown,calmar,total_return,years,pct_in_market
Buy & Hold 1x,0.10138792307696165,0.1892142662267489,0.39525416852051193,0.5600640680808391,-0.8385405625205264,0.1209099805168695,13019.989530849005,98.10714285714286,
MA200 -> Cash,0.11286568418712695,0.12627862735380427,0.5952624110132476,0.8407945836249544,-0.4620936935351404,0.24424848416275552,33088.52776355567,97.31746031746032,0.7234545751100963
