name,cagr,volatility,sharpe,sortino,max_drawdown,calmar,total_return,years
Buy & Hold 1x,0.10138792307696165,0.1892142662267489,0.39525416852051193,0.5600640680808391,-0.8385405625205264,0.1209099805168695,13019.989530849005,98.10714285714286
MA200 -> Cash,0.11286568418712695,0.12627862735380427,0.5952624110132476,0.8407945836249544,-0.4620936935351404,0.24424848416275552,33088.52776355567,97.31746031746032
"Always 1.5x (daily, net)",0.10463289391771213,0.2838266680435237,0.3531565732218394,0.4995946214291769,-0.9494512623010803,0.11020354395456268,17376.67658063513,98.10714285714286
"Always 2.5x (daily, net)",0.10146405355969246,0.47305401614826015,0.3594526402314979,0.508625907346775,-0.9964409906792752,0.10182645486164141,13108.586981205313,98.10714285714286
"Always 3x (daily, net)",0.08427837817056427,0.56766811425898,0.3610266569839126,0.5108844129819456,-0.9995226948549669,0.08431862388356601,2801.6136985897756,98.10714285714286
