leverage,day1_+10%_move,day2_-10%_move,after_day1,after_day2,two_day_return
1x,0.1,-0.1,1.1,0.9900000000000001,-0.009999999999999898
2x,0.2,-0.2,1.2,0.96,-0.040000000000000036
3x,0.30000000000000004,-0.30000000000000004,1.3,0.9099999999999999,-0.09000000000000008
